0.000000,-0.000000,0.000001,0.000000,100.000000
0.000000,-0.000000,0.000001,22.000000,100.000000
0.000000,-0.000000,0.000001,57.000000,100.000000
0.000000,-0.000000,0.000000,75.000000,100.000000
0.000000,-0.000000,0.000000,119.000000,100.000000
0.000000,-0.000000,0.000000,152.000000,100.000000
0.000000,-0.000000,0.000000,156.000000,100.000000
0.000000,-0.000000,0.000000,161.000000,100.000000
0.000000,-0.000000,0.000000,167.000000,100.000000
0.000000,-0.000000,0.000000,212.000000,100.000000
0.000000,-0.000000,0.000000,218.000000,100.000000
0.000000,-0.000000,0.000000,222.000000,100.000000
0.000000,-0.000000,0.000000,251.000000,100.000000
0.000000,-0.000000,0.000000,256.000000,100.000000
0.000000,-0.000000,0.000000,312.000000,100.000000
0.000000,-0.000000,0.000000,316.000000,100.000000
0.000000,-0.000000,0.000000,326.000000,100.000000
0.000000,-0.000000,0.000000,364.000000,100.000000
0.000000,-0.000000,0.000000,369.000000,100.000000
0.000000,-0.000000,0.000000,376.000000,100.000000
0.000000,-0.000000,0.000000,429.000000,100.000000
0.000000,-0.000000,0.000000,433.000000,100.000000
0.000000,-0.000000,0.000000,442.000000,100.000000
0.000000,-0.000000,0.000000,466.000000,100.000000
0.000000,-0.000000,0.000000,476.000000,100.000000
0.000000,-0.000000,0.000000,530.000000,100.000000
0.000000,-0.000000,0.000000,535.000000,100.000000
0.000000,-0.000000,0.000000,539.000000,100.000000
0.000000,-0.000000,0.000000,551.000000,100.000000
0.000000,-0.000000,0.000000,568.000000,100.000000
0.000000,-0.000000,0.000000,623.000000,100.000000
0.000000,-0.000000,0.000000,628.000000,100.000000
0.000000,-0.000000,0.000000,633.000000,100.000000
0.000000,-0.000000,0.000000,661.000000,100.000000
0.000000,-0.000000,0.000000,670.000000,100.000000
0.000000,-0.000000,0.000000,726.000000,100.000000
0.000000,-0.000000,0.000000,800.000000,100.000000
0.000000,-0.000000,0.000000,826.000000,100.000000
0.000000,-0.000000,0.000000,832.000000,100.000000
0.000000,-0.000000,0.000000,855.000000,100.000000
0.000000,-0.000000,0.000000,868.000000,100.000000
0.000000,-0.000000,0.000000,901.000000,100.000000
0.000000,-0.000000,0.000000,924.000000,100.000000
0.000000,-0.000000,0.000000,953.000000,100.000000
0.000000,-0.000000,0.000000,957.000000,100.000000
0.000000,-0.000000,0.000000,1010.000000,100.000000
0.000000,-0.000000,0.000000,1014.000000,100.000000
0.000000,-0.000000,0.000000,1020.000000,100.000000
0.000000,-0.000000,0.000000,1048.000000,100.000000
0.000000,-0.000000,0.000000,1054.000000,100.000000
0.000000,-0.000000,0.000000,1094.000000,100.000000
0.000000,-0.000000,0.000000,1116.000000,100.000000
0.000000,-0.000000,0.000000,1131.000000,100.000000
0.000000,-0.000000,0.000000,1172.000000,100.000000
0.000000,-0.000000,0.000000,1177.000000,100.000000
0.000000,-0.000000,0.000000,1199.000000,100.000000
0.000000,-0.000000,0.000000,1227.000000,100.000000
0.000000,-0.000000,0.000000,1261.000000,100.000000
0.000000,-0.000000,0.000000,1292.000000,100.000000
0.000000,-0.000000,0.000000,1298.000000,100.000000
0.000000,-0.000000,0.000000,1302.000000,100.000000
0.000000,-0.000000,0.000000,1362.000000,100.000000
0.000000,-0.000000,0.000000,1367.000000,100.000000
0.000000,-0.000000,0.000000,1393.000000,100.000000
0.000000,-0.000000,0.000000,1450.000000,100.000000
0.000000,-0.000000,0.000000,1455.000000,100.000000
0.000000,-0.000000,0.000000,1486.000000,100.000000
0.000000,-0.000000,0.000000,1498.000000,100.000000
0.000000,-0.000000,0.000000,1534.000000,100.000000
0.000000,-0.000000,0.000000,1540.000000,100.000000
0.000000,-0.000000,0.000000,1578.000000,100.000000
0.000000,-0.000000,0.000000,1583.000000,100.000000
0.000000,-0.000000,0.000000,1645.000000,100.000000
0.000000,-0.000000,0.000000,1650.000000,100.000000
0.000000,-0.000000,0.000000,1704.000000,100.000000
0.000000,-0.000000,0.000000,1710.000000,100.000000
0.000000,-0.000000,0.000000,1744.000000,100.000000
0.000000,-0.000000,0.000000,1749.000000,100.000000
0.000000,-0.000000,0.000000,1754.000000,100.000000
0.000000,-0.000000,0.000000,1812.000000,100.000000
0.000000,-0.000000,0.000000,1817.000000,100.000000
0.000000,-0.000000,0.000000,1822.000000,100.000000
0.000000,-0.000000,0.000000,1854.000000,100.000000
0.000000,-0.000000,0.000000,1860.000000,100.000000
0.000000,-0.000000,0.000000,1882.000000,100.000000
0.000000,-0.000000,0.000000,1935.000000,100.000000
0.000000,-0.000000,0.000000,1941.000000,100.000000
0.000000,-0.000000,0.000000,2033.000000,100.000000
0.000000,-0.000000,0.000000,2039.000000,100.000000
0.000000,-0.000000,0.000000,2043.000000,100.000000
0.000000,-0.000000,0.000000,2100.000000,100.000000
0.000000,-0.000000,0.000000,2106.000000,100.000000
0.000000,-0.000000,0.000000,2115.000000,100.000000
0.000000,-0.000000,0.000000,2170.000000,100.000000
0.000000,-0.000000,0.000000,2175.000000,100.000000
0.000000,-0.000000,0.000000,2180.000000,100.000000
0.000000,-0.000000,0.000000,2237.000000,100.000000
0.000000,-0.000000,0.000000,2244.000000,100.000000
0.000000,-0.000000,0.000000,2276.000000,100.000000
0.000000,-0.000000,0.000000,2281.000000,100.000000
0.000000,-0.000000,0.000000,2332.000000,100.000000
0.000000,-0.000000,0.000000,2338.000000,100.000000
0.000000,-0.000000,0.000000,2377.000000,100.000000
0.000000,-0.000000,0.000000,2381.000000,100.000000
0.000000,-0.000000,0.000000,2479.000000,100.000000
0.000000,-0.000000,0.000000,2484.000000,100.000000
0.000000,-0.000000,0.000000,2500.000000,100.000000
0.000000,-0.000000,0.000000,2560.000000,100.000000
0.000000,-0.000000,0.000000,2567.000000,100.000000
0.000000,-0.000000,0.000000,2572.000000,100.000000
0.000000,-0.000000,0.000000,2631.000000,100.000000
0.000000,-0.000000,0.000000,2636.000000,100.000000
0.000000,-0.000000,0.000000,2641.000000,100.000000
0.000000,-0.000000,0.000000,2688.000000,100.000000
0.000000,-0.000000,0.000000,2694.000000,100.000000
0.000000,-0.000000,0.000000,2795.000000,100.000000
0.000000,-0.000000,0.000000,2801.000000,100.000000
0.000000,-0.000000,0.000000,2806.000000,100.000000
0.000000,-0.000000,0.000000,2863.000000,100.000000
0.000000,-0.000000,0.000000,2867.000000,100.000000
0.000000,-0.000000,0.000000,2873.000000,100.000000
0.000000,-0.000000,0.000000,2929.000000,100.000000
0.000000,-0.000000,0.000000,2936.000000,100.000000
0.000000,-0.000000,0.000000,2978.000000,100.000000
0.000000,-0.000000,0.000000,2984.000000,100.000000
0.000000,-0.000000,0.000000,3034.000000,100.000000
0.000000,-0.000000,0.000000,3039.000000,100.000000
0.000000,-0.000000,0.000000,3045.000000,100.000000
0.000000,-0.000000,0.000000,3058.000000,100.000000
0.000000,-0.000000,0.000000,3114.000000,100.000000
0.000000,-0.000000,0.000000,3119.000000,100.000000
0.000000,-0.000000,0.000000,3127.000000,100.000000
0.000000,-0.000000,0.000000,3186.000000,100.000000
0.000000,-0.000000,0.000000,3191.000000,100.000000
0.000000,-0.000000,0.000000,3202.000000,100.000000
0.000000,-0.000000,0.000000,3253.000000,100.000000
0.000000,-0.000000,0.000000,3259.000000,100.000000
0.000000,-0.000000,0.000000,3266.000000,100.000000
0.000000,-0.000000,0.000000,3327.000000,100.000000
0.000000,-0.000000,0.000000,3334.000000,100.000000
0.000000,-0.000000,0.000000,3366.000000,100.000000
0.000000,-0.000000,0.000000,3371.000000,100.000000
0.000000,-0.000000,0.000000,3468.000000,100.000000
0.000000,-0.000000,0.000000,3475.000000,100.000000
0.000000,-0.000000,0.000000,3481.000000,100.000000
0.000000,-0.000000,0.000000,3547.000000,100.000000
0.000000,-0.000000,0.000000,3553.000000,100.000000
0.000000,-0.000000,0.000000,3558.000000,100.000000
0.000000,-0.000000,0.000000,3614.000000,100.000000
0.000000,-0.000000,0.000000,3618.000000,100.000000
0.000000,-0.000000,0.000000,3624.000000,100.000000
0.000000,-0.000000,0.000000,3662.000000,100.000000
0.000000,-0.000000,0.000000,3667.000000,100.000000
0.000000,-0.000000,0.000000,3673.000000,100.000000
0.000000,-0.000000,0.000000,3727.000000,100.000000
0.000000,-0.000000,0.000000,3731.000000,100.000000
0.000000,-0.000000,0.000000,3771.000000,100.000000
0.000000,-0.000000,0.000000,3777.000000,100.000000
0.000000,-0.000000,0.000000,3848.000000,100.000000
0.000000,-0.000000,0.000000,3854.000000,100.000000
0.000000,-0.000000,0.000000,3861.000000,100.000000
0.000000,-0.000000,0.000000,3931.000000,100.000000
0.000000,-0.000000,0.000000,3936.000000,100.000000
0.000000,-0.000000,0.000000,3981.000000,100.000000
0.000000,-0.000000,0.000000,3987.000000,100.000000
0.000000,-0.000000,0.000000,4048.000000,100.000000
0.000000,-0.000000,0.000000,4054.000000,100.000000
0.000000,-0.000000,0.000000,4126.000000,100.000000
0.000000,-0.000000,0.000000,4132.000000,100.000000
0.000000,-0.000000,0.000000,4136.000000,100.000000
0.000000,-0.000000,0.000000,4146.000000,100.000000
0.000000,-0.000000,0.000000,4189.000000,100.000000
0.000000,-0.000000,0.000000,4204.000000,100.000000
0.000000,-0.000000,0.000000,4233.000000,100.000000
0.000000,-0.000000,0.000000,4291.000000,100.000000
0.000000,-0.000000,0.000000,4296.000000,100.000000
0.000000,-0.000000,0.000000,4302.000000,100.000000
0.000000,-0.000000,0.000000,4361.000000,100.000000
0.000000,-0.000000,0.000000,4367.000000,100.000000
0.000000,-0.000000,0.000000,4372.000000,100.000000
0.000000,-0.000000,0.000000,4426.000000,100.000000
0.000000,-0.000000,0.000000,4433.000000,100.000000
0.000000,-0.000000,0.000000,4456.000000,100.000000
0.000000,-0.000000,0.000000,4495.000000,100.000000
0.000000,-0.000000,0.000000,4499.000000,100.000000
0.000000,-0.000000,0.000000,4505.000000,100.000000
0.000000,-0.000000,0.000000,4566.000000,100.000000
0.000000,-0.000000,0.000000,4572.000000,100.000000
0.000000,-0.000000,0.000000,4581.000000,100.000000
0.000000,-0.000000,0.000000,4681.000000,100.000000
0.000000,-0.000000,0.000000,4688.000000,100.000000
0.000000,-0.000000,0.000000,4701.000000,100.000000
0.000000,-0.000000,0.000000,4760.000000,100.000000
0.000000,-0.000000,0.000000,4765.000000,100.000000
0.000000,-0.000000,0.000000,4779.000000,100.000000
0.000000,-0.000000,0.000000,4834.000000,100.000000
0.000000,-0.000000,0.000000,4839.000000,100.000000
0.000000,-0.000000,0.000000,4845.000000,100.000000
0.000000,-0.000000,0.000000,4882.000000,100.000000
0.000000,-0.000000,0.000000,4888.000000,100.000000
0.000000,-0.000000,0.000000,4946.000000,100.000000
0.000000,-0.000000,0.000000,4952.000000,100.000000
0.000000,-0.000000,0.000000,5012.000000,100.000000
0.000000,-0.000000,0.000000,5018.000000,100.000000
0.000000,-0.000000,0.000000,5057.000000,100.000000
0.000000,-0.000000,0.000000,5062.000000,100.000000
0.000000,-0.000000,0.000000,5068.000000,100.000000
0.000000,-0.000000,0.000000,5131.000000,100.000000
0.000000,-0.000000,0.000000,5136.000000,100.000000
0.000000,-0.000000,0.000000,5178.000000,100.000000
0.000000,-0.000000,0.000000,5184.000000,100.000000
0.000000,-0.000000,0.000000,5189.000000,100.000000
0.000000,-0.000000,0.000000,5257.000000,100.000000
0.000000,-0.000000,0.000000,5263.000000,100.000000
0.000000,-0.000000,0.000000,5332.000000,100.000000
0.000000,-0.000000,0.000000,5339.000000,100.000000
0.000000,-0.000000,0.000000,5344.000000,100.000000
0.000000,-0.000000,0.000000,5383.000000,100.000000
0.000000,-0.000000,0.000000,5389.000000,100.000000
0.000000,-0.000000,0.000000,5394.000000,100.000000
0.000000,-0.000000,0.000000,5457.000000,100.000000
0.000000,-0.000000,0.000000,5464.000000,100.000000
0.000000,-0.000000,0.000000,5500.000000,100.000000
0.000000,-0.000000,0.000000,5534.000000,100.000000
0.000000,-0.000000,0.000000,5544.000000,100.000000
0.000000,-0.000000,0.000000,5564.000000,100.000000
0.000000,-0.000000,0.000000,5569.000000,100.000000
0.000000,-0.000000,0.000000,5631.000000,100.000000
0.000000,-0.000000,0.000000,5636.000000,100.000000
0.000000,-0.000000,0.000000,5652.000000,100.000000
0.000000,-0.000000,0.000000,5682.000000,100.000000
0.000000,-0.000000,0.000000,5725.000000,100.000000
0.000000,-0.000000,0.000000,5731.000000,100.000000
0.000000,-0.000000,0.000000,5761.000000,100.000000
0.000000,-0.000000,0.000000,5794.000000,100.000000
0.000000,-0.000000,0.000000,5799.000000,100.000000
0.000000,-0.000000,0.000000,5858.000000,100.000000
0.000000,-0.000000,0.000000,5863.000000,100.000000
0.000000,-0.000000,0.000000,5867.000000,100.000000
0.000000,-0.000000,0.000000,5924.000000,100.000000
0.000000,-0.000000,0.000000,5928.000000,100.000000
0.000000,-0.000000,0.000000,5934.000000,100.000000
0.000000,-0.000000,0.000000,5950.000000,100.000000
0.000000,-0.000000,0.000000,5978.000000,100.000000
0.000000,-0.000000,0.000000,6015.000000,100.000000
0.000000,-0.000000,0.000000,6020.000000,100.000000
0.000000,-0.000000,0.000000,6079.000000,100.000000
0.000000,-0.000000,0.000000,6085.000000,100.000000
0.000000,-0.000000,0.000000,6090.000000,100.000000
0.000000,-0.000000,0.000000,6144.000000,100.000000
0.000000,-0.000000,0.000000,6149.000000,100.000000
0.000000,-0.000000,0.000000,6155.000000,100.000000
0.000000,-0.000000,0.000000,6198.000000,100.000000
0.000000,-0.000000,0.000000,6204.000000,100.000000
0.000000,-0.000000,0.000000,6210.000000,100.000000
0.000000,-0.000000,0.000000,6284.000000,100.000000
0.000000,-0.000000,0.000000,6291.000000,100.000000
0.000000,-0.000000,0.000000,6306.000000,100.000000
0.000000,-0.000000,0.000000,6334.000000,100.000000
0.000000,-0.000000,0.000000,6339.000000,100.000000
0.000000,-0.000000,0.000000,6367.000000,100.000000
0.000000,-0.000000,0.000000,6372.000000,100.000000
0.000000,-0.000000,0.000000,6433.000000,100.000000
0.000000,-0.000000,0.000000,6438.000000,100.000000
0.000000,-0.000000,0.000000,6491.000000,100.000000
0.000000,-0.000000,0.000000,6496.000000,100.000000
0.000000,-0.000000,0.000000,6551.000000,100.000000
0.000000,-0.000000,0.000000,6560.000000,100.000000
0.000000,-0.000000,0.000000,6566.000000,100.000000
0.000000,-0.000000,0.000000,6570.000000,100.000000
0.000000,-0.000000,0.000000,6628.000000,100.000000
0.000000,-0.000000,0.000000,6633.000000,100.000000
0.000000,-0.000000,0.000000,6719.000000,100.000000
0.000000,-0.000000,0.000000,6725.000000,100.000000
0.000000,-0.000000,0.000000,6733.000000,100.000000
0.000000,-0.000000,0.000000,6795.000000,100.000000
0.000000,-0.000000,0.000000,6801.000000,100.000000
0.000000,-0.000000,0.000000,6806.000000,100.000000
0.000000,-0.000000,0.000000,6869.000000,100.000000
0.000000,-0.000000,0.000000,6874.000000,100.000000
0.000000,-0.000000,0.000000,6947.000000,100.000000
0.000000,-0.000000,0.000000,6952.000000,100.000000
0.000000,-0.000000,0.000000,6958.000000,100.000000
0.000000,-0.000000,0.000000,7017.000000,100.000000
0.000000,-0.000000,0.000000,7023.000000,100.000000
0.000000,-0.000000,0.000000,7061.000000,100.000000
0.000000,-0.000000,0.000000,7067.000000,100.000000
0.000000,-0.000000,0.000000,7130.000000,100.000000
0.000000,-0.000000,0.000000,7136.000000,100.000000
0.000000,-0.000000,0.000000,7141.000000,100.000000
0.000000,-0.000000,0.000000,7183.000000,100.000000
0.000000,-0.000000,0.000000,7190.000000,100.000000
0.000000,-0.000000,0.000000,7196.000000,100.000000
0.000000,-0.000000,0.000000,7268.000000,100.000000
0.000000,-0.000000,0.000000,7276.000000,100.000000
0.000000,-0.000000,0.000000,7284.000000,100.000000
0.000000,-0.000000,0.000000,7347.000000,100.000000
0.000000,-0.000000,0.000000,7354.000000,100.000000
0.000000,-0.000000,0.000000,7416.000000,100.000000
0.000000,-0.000000,0.000000,7422.000000,100.000000
0.000000,-0.000000,0.000000,7471.000000,100.000000
0.000000,-0.000000,0.000000,7477.000000,100.000000
0.000000,-0.000000,0.000000,7482.000000,100.000000
0.000000,-0.000000,0.000000,7548.000000,100.000000
0.000000,-0.000000,0.000000,7554.000000,100.000000
0.000000,-0.000000,0.000000,7590.000000,100.000000
0.000000,-0.000000,0.000000,7595.000000,100.000000
0.000000,-0.000000,0.000000,7603.000000,100.000000
0.000000,-0.000000,0.000000,7675.000000,100.000000
0.000000,-0.000000,0.000000,7681.000000,100.000000
0.000000,-0.000000,0.000000,7686.000000,100.000000
0.000000,-0.000000,0.000000,7745.000000,100.000000
0.000000,-0.000000,0.000000,7750.000000,100.000000
0.000000,-0.000000,0.000000,7756.000000,100.000000
0.000000,-0.000000,0.000000,7792.000000,100.000000
0.000000,-0.000000,0.000000,7798.000000,100.000000
0.000000,-0.000000,0.000000,7804.000000,100.000000
0.000000,-0.000000,0.000000,7863.000000,100.000000
0.000000,-0.000000,0.000000,7869.000000,100.000000
0.000000,-0.000000,0.000000,7874.000000,100.000000
0.000000,-0.000000,0.000000,7928.000000,100.000000
0.000000,-0.000000,0.000000,7934.000000,100.000000
0.000000,-0.000000,0.000000,7979.000000,100.000000
0.000000,-0.000000,0.000000,7985.000000,100.000000
0.000000,-0.000000,0.000000,7990.000000,100.000000
0.000000,-0.000000,0.000000,7995.000000,100.000000
0.000000,-0.000000,0.000000,8049.000000,100.000000
0.000000,-0.000000,0.000000,8055.000000,100.000000
0.000000,-0.000000,0.000000,8061.000000,100.000000
0.000000,-0.000000,0.000000,8101.000000,100.000000
0.000000,-0.000000,0.000000,8106.000000,100.000000
0.000000,-0.000000,0.000000,8111.000000,100.000000
0.000000,-0.000000,0.000000,8163.000000,100.000000
0.000000,-0.000000,0.000000,8169.000000,100.000000
0.000000,-0.000000,0.000000,8227.000000,100.000000
0.000000,-0.000000,0.000000,8233.000000,100.000000
0.000000,-0.000000,0.000000,8265.000000,100.000000
0.000000,-0.000000,0.000000,8271.000000,100.000000
0.000000,-0.000000,0.000000,8332.000000,100.000000
0.000000,-0.000000,0.000000,8366.000000,100.000000
0.000000,-0.000000,0.000000,8371.000000,100.000000
0.000000,-0.000000,0.000000,8424.000000,100.000000
0.000000,-0.000000,0.000000,8431.000000,100.000000
0.000000,-0.000000,0.000000,8437.000000,100.000000
0.000000,-0.000000,0.000000,8507.000000,100.000000
0.000000,-0.000000,0.000000,8512.000000,100.000000
0.000000,-0.000000,0.000000,8517.000000,100.000000
0.000000,-0.000000,0.000000,8581.000000,100.000000
0.000000,-0.000000,0.000000,8587.000000,100.000000
0.000000,-0.000000,0.000000,8594.000000,100.000000
0.000000,-0.000000,0.000000,8667.000000,100.000000
0.000000,-0.000000,0.000000,8673.000000,100.000000
0.000000,-0.000000,0.000000,8681.000000,100.000000
0.000000,-0.000000,0.000000,8746.000000,100.000000
0.000000,-0.000000,0.000000,8752.000000,100.000000
0.000000,-0.000000,0.000000,8757.000000,100.000000
0.000000,-0.000000,0.000000,8795.000000,100.000000
0.000000,-0.000000,0.000000,8800.000000,100.000000
0.000000,-0.000000,0.000000,8807.000000,100.000000
0.000000,-0.000000,0.000000,8862.000000,100.000000
0.000000,-0.000000,0.000000,8867.000000,100.000000
0.000000,-0.000000,0.000000,8929.000000,100.000000
0.000000,-0.000000,0.000000,8935.000000,100.000000
0.000000,-0.000000,0.000000,8965.000000,100.000000
0.000000,-0.000000,0.000000,8969.000000,100.000000
0.000000,-0.000000,0.000000,8982.000000,100.000000
0.000000,-0.000000,0.000000,9049.000000,100.000000
0.000000,-0.000000,0.000000,9055.000000,100.000000
0.000000,-0.000000,0.000000,9061.000000,100.000000
0.000000,-0.000000,0.000000,9093.000000,100.000000
0.000000,-0.000000,0.000000,9098.000000,100.000000
0.000000,-0.000000,0.000000,9160.000000,100.000000
0.000000,-0.000000,0.000000,9166.000000,100.000000
0.000000,-0.000000,0.000000,9228.000000,100.000000
0.000000,-0.000000,0.000000,9233.000000,100.000000
0.000000,-0.000000,0.000000,9265.000000,100.000000
0.000000,-0.000000,0.000000,9270.000000,100.000000
0.000000,-0.000000,0.000000,9324.000000,100.000000
0.000000,-0.000000,0.000000,9335.000000,100.000000
0.000000,-0.000000,0.000000,9377.000000,100.000000
0.000000,-0.000000,0.000000,9383.000000,100.000000
0.000000,-0.000000,0.000000,9388.000000,100.000000
0.000000,-0.000000,0.000000,9446.000000,100.000000
0.000000,-0.000000,0.000000,9452.000000,100.000000
0.000000,-0.000000,0.000000,9456.000000,100.000000
0.000000,-0.000000,0.000000,9528.000000,100.000000
0.000000,-0.000000,0.000000,9534.000000,100.000000
0.000000,-0.000000,0.000000,9598.000000,100.000000
0.000000,-0.000000,0.000000,9604.000000,100.000000
0.000000,-0.000000,0.000000,9609.000000,100.000000
0.000000,-0.000000,0.000000,9661.000000,100.000000
0.000000,-0.000000,0.000000,9666.000000,100.000000
0.000000,-0.000000,0.000000,9675.000000,100.000000
0.000000,-0.000000,0.000000,9731.000000,100.000000
0.000000,-0.000000,0.000000,9738.000000,100.000000
0.000000,-0.000000,0.000000,9744.000000,100.000000
0.000000,-0.000000,0.000000,9785.000000,100.000000
0.000000,-0.000000,0.000000,9790.000000,100.000000
0.000000,-0.000000,0.000000,9801.000000,100.000000
0.000000,-0.000000,0.000000,9861.000000,100.000000
0.000000,-0.000000,0.000000,9867.000000,100.000000
0.000000,-0.000000,0.000000,9925.000000,100.000000
0.000000,-0.000000,0.000000,9931.000000,100.000000
0.000000,-0.000000,0.000000,9965.000000,100.000000
0.000000,-0.000000,0.000000,9969.000000,100.000000
0.000000,-0.000000,0.000000,10026.000000,100.000000
0.000000,-0.000000,0.000000,10032.000000,100.000000
0.000000,-0.000000,0.000000,10069.000000,100.000000
0.000000,-0.000000,0.000000,10074.000000,100.000000
0.000000,-0.000000,0.000000,10082.000000,100.000000
0.000000,-0.000000,0.000000,10145.000000,100.000000
0.000000,-0.000000,0.000000,10150.000000,100.000000
0.000000,-0.000000,0.000000,10155.000000,100.000000
0.000000,-0.000000,0.000000,10191.000000,100.000000
0.000000,-0.000000,0.000000,10196.000000,100.000000
0.000000,-0.000000,0.000000,10201.000000,100.000000
0.000000,-0.000000,0.000000,10261.000000,100.000000
0.000000,-0.000000,0.000000,10268.000000,100.000000
0.000000,-0.000000,0.000000,10272.000000,100.000000
0.000000,-0.000000,0.000000,10328.000000,100.000000
0.000000,-0.000000,0.000000,10333.000000,100.000000
0.000000,-0.000000,0.000000,10339.000000,100.000000
0.000000,-0.000000,0.000000,10383.000000,100.000000
0.000000,-0.000000,0.000000,10390.000000,100.000000
0.000000,-0.000000,0.000000,10460.000000,100.000000
0.000000,-0.000000,0.000000,10466.000000,100.000000
0.000000,-0.000000,0.000000,10562.000000,100.000000
0.000000,-0.000000,0.000000,10567.000000,100.000000
0.000000,-0.000000,0.000000,10571.000000,100.000000
0.000000,-0.000000,0.000000,10628.000000,100.000000
0.000000,-0.000000,0.000000,10635.000000,100.000000
0.000000,-0.000000,0.000000,10681.000000,100.000000
0.000000,-0.000000,0.000000,10687.000000,100.000000
0.000000,-0.000000,0.000000,10750.000000,100.000000
0.000000,-0.000000,0.000000,10798.000000,100.000000
0.000000,-0.000000,0.000000,10804.000000,100.000000
0.000000,-0.000000,0.000000,10809.000000,100.000000
0.000000,-0.000000,0.000000,10868.000000,100.000000
0.000000,-0.000000,0.000000,10875.000000,100.000000
0.000000,-0.000000,0.000000,10933.000000,100.000000
0.000000,-0.000000,0.000000,10939.000000,100.000000
0.000000,-0.000000,0.000000,10976.000000,100.000000
0.000000,-0.000000,0.000000,10982.000000,100.000000
0.000000,-0.000000,0.000000,10986.000000,100.000000
0.000000,-0.000000,0.000000,11049.000000,100.000000
0.000000,-0.000000,0.000000,11055.000000,100.000000
0.000000,-0.000000,0.000000,11098.000000,100.000000
0.000000,-0.000000,0.000000,11103.000000,100.000000
0.000000,-0.000000,0.000000,11167.000000,100.000000
0.000000,-0.000000,0.000000,11172.000000,100.000000
0.000000,-0.000000,0.000000,11177.000000,100.000000
0.000000,-0.000000,0.000000,11182.000000,100.000000
0.000000,-0.000000,0.000000,11249.000000,100.000000
0.000000,-0.000000,0.000000,11254.000000,100.000000
0.000000,-0.000000,0.000000,11260.000000,100.000000
0.000000,-0.000000,0.000000,11265.000000,100.000000
0.000000,-0.000000,0.000000,11272.000000,100.000000
0.000000,-0.000000,0.000000,11317.000000,100.000000
0.000000,-0.000000,0.000000,11323.000000,100.000000
0.000000,-0.000000,0.000000,11327.000000,100.000000
0.000000,-0.000000,0.000000,11382.000000,100.000000
0.000000,-0.000000,0.000000,11387.000000,100.000000
0.000000,-0.000000,0.000000,11392.000000,100.000000
0.000000,-0.000000,0.000000,11449.000000,100.000000
0.000000,-0.000000,0.000000,11454.000000,100.000000
0.000000,-0.000000,0.000000,11460.000000,100.000000
0.000000,-0.000000,0.000000,11492.000000,100.000000
0.000000,-0.000000,0.000000,11497.000000,100.000000
0.000000,-0.000000,0.000000,11579.000000,100.000000
-0.000000,-0.000000,0.000000,11585.000000,100.000000
-0.000000,-0.000000,0.000000,11647.000000,100.000000
-0.000000,-0.000000,0.000000,11653.000000,100.000000
-0.000000,-0.000000,0.000000,11683.000000,100.000000
-0.000000,-0.000000,0.000000,11689.000000,100.000000
-0.000000,-0.000000,0.000000,11749.000000,100.000000
-0.000000,-0.000000,0.000000,11755.000000,100.000000
-0.000000,-0.000000,0.000000,11761.000000,100.000000
-0.000000,-0.000000,0.000000,11804.000000,100.000000
-0.000000,-0.000000,0.000000,11810.000000,100.000000
-0.000000,-0.000000,0.000000,11815.000000,100.000000
-0.000000,0.000000,0.000000,11878.000000,100.000000
-0.000000,0.000000,0.000000,11883.000000,100.000000
-0.000000,0.000000,0.000000,11947.000000,100.000000
-0.000000,0.000000,0.000000,11953.000000,100.000000
-0.000000,0.000000,0.000000,11968.000000,100.000000
-0.000000,0.000000,0.000000,12011.000000,100.000000
-0.000000,0.000000,0.000000,12015.000000,100.000000
-0.000000,0.000000,0.000000,12020.000000,100.000000
-0.000000,0.000000,0.000000,12078.000000,100.000000
-0.000000,0.000000,0.000000,12084.000000,100.000000
-0.000000,0.000000,0.000000,12090.000000,100.000000
-0.000000,0.000000,0.000000,12158.000000,100.000000
-0.000000,0.000000,0.000000,12162.000000,100.000000
-0.000000,0.000000,0.000000,12167.000000,100.000000
-0.000000,0.000000,0.000000,12230.000000,100.000000
-0.000000,0.000000,0.000000,12236.000000,100.000000
-0.000000,0.000000,0.000000,12242.000000,100.000000
-0.000000,0.000000,0.000000,12283.000000,100.000000
-0.000000,0.000000,0.000000,12289.000000,100.000000
-0.000000,0.000000,0.000000,12294.000000,100.000000
-0.000000,0.000000,0.000000,12365.000000,100.000000
-0.000000,0.000000,0.000000,12371.000000,100.000000
-0.000000,0.000000,0.000000,12381.000000,100.000000
-0.000000,0.000000,0.000000,12448.000000,100.000000
-0.000000,0.000000,0.000000,12453.000000,100.000000
-0.000000,0.000000,0.000000,12490.000000,100.000000
-0.000000,0.000000,0.000000,12495.000000,100.000000
-0.000000,0.000000,0.000000,12502.000000,100.000000
-0.000000,0.000000,0.000000,12581.000000,100.000000
-0.000000,0.000000,0.000000,12587.000000,100.000000
-0.000000,0.000000,0.000000,12643.000000,100.000000
-0.000000,0.000000,0.000000,12649.000000,100.000000
-0.000000,0.000000,0.000000,12655.000000,100.000000
-0.000000,0.000000,0.000000,12694.000000,100.000000
-0.000000,0.000000,0.000000,12700.000000,100.000000
-0.000000,0.000000,0.000000,12759.000000,100.000000
-0.000000,0.000000,0.000000,12793.000000,100.000000
-0.000000,0.000000,0.000000,12799.000000,100.000000
-0.000000,0.000000,0.000000,12805.000000,100.000000
-0.000000,0.000000,0.000000,12860.000000,100.000000
-0.000000,0.000000,0.000000,12865.000000,100.000000
-0.000000,0.000000,0.000000,12870.000000,100.000000
-0.000000,0.000000,0.000000,12927.000000,100.000000
-0.000000,0.000000,0.000000,12932.000000,100.000000
-0.000000,0.000000,0.000000,12938.000000,100.000000
-0.000000,0.000000,0.000000,12984.000000,100.000000
-0.000000,0.000000,0.000000,12989.000000,100.000000
-0.000000,0.000000,0.000000,12994.000000,100.000000
-0.000000,0.000000,0.000000,13064.000000,100.000000
-0.000000,0.000000,0.000000,13071.000000,100.000000
-0.000000,0.000000,0.000000,13078.000000,100.000000
-0.000000,0.000000,0.000000,13143.000000,100.000000
-0.000000,0.000000,0.000000,13148.000000,100.000000
-0.000000,0.000000,0.000000,13182.000000,100.000000
-0.000000,0.000000,0.000000,13187.000000,100.000000
-0.000000,0.000000,0.000000,13193.000000,100.000000
-0.000000,0.000000,0.000000,13248.000000,100.000000
-0.000000,0.000000,0.000000,13255.000000,100.000000
-0.000000,0.000000,0.000000,13261.000000,100.000000
-0.000000,0.000000,0.000000,13302.000000,100.000000
-0.000000,0.000000,0.000000,13308.000000,100.000000
-0.000000,0.000000,0.000000,13313.000000,100.000000
-0.000000,0.000000,0.000000,13383.000000,100.000000
-0.000000,0.000000,0.000000,13388.000000,100.000000
-0.000000,0.000000,0.000000,13449.000000,100.000000
-0.000000,0.000000,0.000000,13494.000000,100.000000
-0.000000,0.000000,0.000000,13501.000000,100.000000
-0.000000,0.000000,0.000000,13592.000000,100.000000
-0.000000,0.000000,0.000000,13599.000000,100.000000
-0.000000,0.000000,0.000000,13659.000000,100.000000
-0.000000,0.000000,0.000000,13664.000000,100.000000
-0.000000,0.000000,0.000000,13669.000000,100.000000
-0.000000,0.000000,0.000000,13724.000000,100.000000
-0.000000,0.000000,0.000000,13730.000000,100.000000
-0.000000,0.000000,0.000000,13736.000000,100.000000
-0.000000,0.000000,0.000000,13778.000000,100.000000
-0.000000,-0.000000,0.000000,13783.000000,100.000000
-0.000000,-0.000000,0.000000,13789.000000,100.000000
0.000000,-0.000000,0.000000,13846.000000,100.000000
0.000000,-0.000000,0.000000,13851.000000,100.000000
0.000000,-0.000000,0.000000,13857.000000,100.000000
0.000000,-0.000000,0.000000,13898.000000,100.000000
0.000000,-0.000000,0.000000,13902.000000,100.000000
0.000000,-0.000000,0.000000,13908.000000,100.000000
0.000000,-0.000000,0.000000,13966.000000,100.000000
0.000000,-0.000000,0.000000,13972.000000,100.000000
0.000000,-0.000000,0.000000,13977.000000,100.000000
0.000000,-0.000000,0.000000,14052.000000,100.000000
0.000000,-0.000000,0.000000,14058.000000,100.000000
0.000000,-0.000000,0.000000,14068.000000,100.000000
0.000000,-0.000000,0.000000,14099.000000,100.000000
0.000000,-0.000000,0.000000,14105.000000,100.000000
0.000000,-0.000000,0.000000,14179.000000,100.000000
0.000000,-0.000000,0.000000,14185.000000,100.000000
0.000000,-0.000000,0.000000,14248.000000,100.000000
0.000000,-0.000000,0.000000,14254.000000,100.000000
0.000000,-0.000000,0.000000,14293.000000,100.000000
0.000000,-0.000000,0.000000,14299.000000,100.000000
0.000000,-0.000000,0.000000,14358.000000,100.000000
0.000000,-0.000000,0.000000,14362.000000,100.000000
0.000000,-0.000000,0.000000,14368.000000,100.000000
0.000000,-0.000000,0.000000,14402.000000,100.000000
0.000000,-0.000000,0.000000,14408.000000,100.000000
0.000000,-0.000000,0.000000,14462.000000,100.000000
0.000000,-0.000000,0.000000,14493.000000,100.000000
0.000000,-0.000000,0.000000,14498.000000,100.000000
0.000000,-0.000000,0.000000,14503.000000,100.000000
0.000000,-0.000000,0.000000,14582.000000,100.000000
0.000000,-0.000000,0.000000,14587.000000,100.000000
0.000000,-0.000000,0.000000,14647.000000,100.000000
0.000000,-0.000000,0.000000,14653.000000,100.000000
0.000000,-0.000000,0.000000,14658.000000,100.000000
0.000000,-0.000000,0.000000,14694.000000,100.000000
0.000000,-0.000000,0.000000,14701.000000,100.000000
0.000000,-0.000000,0.000000,14706.000000,100.000000
0.000000,-0.000000,0.000000,14763.000000,100.000000
0.000000,-0.000000,0.000000,14768.000000,100.000000
0.000000,-0.000000,0.000000,14774.000000,100.000000
0.000000,-0.000000,0.000000,14850.000000,100.000000
0.000000,-0.000000,0.000000,14856.000000,100.000000
0.000000,-0.000000,0.000000,14863.000000,100.000000
0.000000,-0.000000,0.000000,14911.000000,100.000000
0.000000,-0.000000,0.000000,14917.000000,100.000000
0.000000,-0.000000,0.000000,14979.000000,100.000000
0.000000,-0.000000,0.000000,14985.000000,100.000000
0.000000,-0.000000,0.000000,15046.000000,100.000000
0.000000,-0.000000,0.000000,15052.000000,100.000000
0.000000,-0.000000,0.000000,15084.000000,100.000000
0.000000,-0.000000,0.000000,15090.000000,100.000000
0.000000,-0.000000,0.000000,15097.000000,100.000000
0.000000,-0.000000,0.000000,15167.000000,100.000000
0.000000,-0.000000,0.000000,15172.000000,100.000000
0.000000,-0.000000,0.000000,15225.000000,100.000000
0.000000,-0.000000,0.000000,15230.000000,100.000000
0.000000,-0.000000,0.000000,15235.000000,100.000000
0.000000,-0.000000,0.000000,15267.000000,100.000000
0.000000,-0.000000,0.000000,15272.000000,100.000000
0.000000,-0.000000,0.000000,15332.000000,100.000000
0.000000,-0.000000,0.000000,15337.000000,100.000000
0.000000,-0.000000,0.000000,15350.000000,100.000000
0.000000,-0.000000,0.000000,15390.000000,100.000000
0.000000,-0.000000,0.000000,15395.000000,100.000000
0.000000,-0.000000,0.000000,15445.000000,100.000000
0.000000,-0.000000,0.000000,15451.000000,100.000000
0.000000,-0.000000,0.000000,15456.000000,100.000000
0.000000,-0.000000,0.000000,15508.000000,100.000000
0.000000,-0.000000,0.000000,15513.000000,100.000000
0.000000,-0.000000,0.000000,15520.000000,100.000000
0.000000,-0.000000,0.000000,15583.000000,100.000000
0.000000,-0.000000,0.000000,15589.000000,100.000000
0.000000,-0.000000,0.000000,15648.000000,100.000000
0.000000,-0.000000,0.000000,15653.000000,100.000000
0.000000,-0.000000,0.000000,15658.000000,100.000000
0.000000,-0.000000,0.000000,15696.000000,100.000000
0.000000,-0.000000,0.000000,15700.000000,100.000000
0.000000,-0.000000,0.000000,15708.000000,100.000000
0.000000,-0.000000,0.000000,15782.000000,100.000000
0.000000,-0.000000,0.000000,15787.000000,100.000000
0.000000,-0.000000,0.000000,15793.000000,100.000000
0.000000,-0.000000,0.000000,15848.000000,100.000000
0.000000,-0.000000,0.000000,15853.000000,100.000000
0.000000,-0.000000,0.000000,15891.000000,100.000000
0.000000,-0.000000,0.000000,15896.000000,100.000000
0.000000,-0.000000,0.000000,15967.000000,100.000000
0.000000,-0.000000,0.000000,15974.000000,100.000000
0.000000,-0.000000,0.000000,15982.000000,100.000000
0.000000,-0.000000,0.000000,16049.000000,100.000000
0.000000,-0.000000,0.000000,16055.000000,100.000000
0.000000,-0.000000,0.000000,16067.000000,100.000000
0.000000,-0.000000,0.000000,16097.000000,100.000000
0.000000,-0.000000,0.000000,16102.000000,100.000000
0.000000,-0.000000,0.000000,16156.000000,100.000000
0.000000,-0.000000,0.000000,16163.000000,100.000000
0.000000,-0.000000,0.000000,16169.000000,100.000000
0.000000,-0.000000,0.000000,16200.000000,100.000000
0.000000,-0.000000,0.000000,16205.000000,100.000000
0.000000,-0.000000,0.000000,16261.000000,100.000000
0.000000,-0.000000,0.000000,16266.000000,100.000000
0.000000,-0.000000,0.000000,16271.000000,100.000000
0.000000,-0.000000,0.000000,16340.000000,100.000000
0.000000,-0.000000,0.000000,16345.000000,100.000000
0.000000,-0.000000,0.000000,16384.000000,100.000000
0.000000,-0.000000,0.000000,16390.000000,100.000000
0.000000,-0.000000,0.000000,16396.000000,100.000000
0.000000,-0.000000,0.000000,16467.000000,100.000000
0.000000,-0.000000,0.000000,16474.000000,100.000000
0.000000,-0.000000,0.000000,16480.000000,100.000000
0.000000,-0.000000,0.000000,16549.000000,100.000000
0.000000,-0.000000,0.000000,16554.000000,100.000000
0.000000,-0.000000,0.000000,16559.000000,100.000000
0.000000,-0.000000,0.000000,16597.000000,100.000000
0.000000,-0.000000,0.000000,16602.000000,100.000000
0.000000,-0.000000,0.000000,16609.000000,100.000000
0.000000,-0.000000,0.000000,16663.000000,100.000000
0.000000,-0.000000,0.000000,16668.000000,100.000000
0.000000,-0.000000,0.000000,16675.000000,100.000000
0.000000,-0.000000,0.000000,16735.000000,100.000000
0.000000,-0.000000,0.000000,16740.000000,100.000000
0.000000,-0.000000,0.000000,16747.000000,100.000000
0.000000,-0.000000,0.000000,16786.000000,100.000000
0.000000,-0.000000,0.000000,16791.000000,100.000000
0.000000,-0.000000,0.000000,16799.000000,100.000000
0.000000,-0.000000,0.000000,16860.000000,100.000000
0.000000,-0.000000,0.000000,16866.000000,100.000000
0.000000,-0.000000,0.000000,16902.000000,100.000000
0.000000,-0.000000,0.000000,16908.000000,100.000000
0.000000,-0.000000,0.000000,16965.000000,100.000000
0.000000,-0.000000,0.000000,16970.000000,100.000000
0.000000,-0.000000,0.000000,17017.000000,100.000000
0.000000,0.000000,0.000000,17022.000000,100.000000
0.000000,0.000000,0.000000,17075.000000,100.000000
0.000000,0.000000,0.000000,17081.000000,100.000000
0.000000,0.000000,0.000000,17087.000000,100.000000
0.000000,0.000000,0.000000,17181.000000,100.000000
0.000000,0.000000,0.000000,17187.000000,100.000000
0.000000,0.000000,0.000000,17193.000000,100.000000
0.000000,0.000000,0.000000,17266.000000,100.000000
0.000000,0.000000,0.000000,17272.000000,100.000000
0.000000,0.000000,0.000000,17326.000000,100.000000
0.000000,0.000000,0.000000,17332.000000,100.000000
0.000000,0.000000,0.000000,17365.000000,100.000000
0.000000,0.000000,0.000000,17369.000000,100.000000
0.000000,0.000000,0.000000,17374.000000,100.000000
0.000000,0.000000,0.000000,17389.000000,100.000000
0.000000,0.000000,0.000000,17450.000000,100.000000
0.000000,0.000000,0.000000,17456.000000,100.000000
0.000000,0.000000,0.000000,17461.000000,100.000000
0.000000,0.000000,0.000000,17517.000000,100.000000
0.000000,0.000000,0.000000,17523.000000,100.000000
0.000000,0.000000,0.000000,17533.000000,100.000000
0.000000,0.000000,0.000000,17609.000000,100.000000
0.000000,0.000000,0.000000,17614.000000,100.000000
0.000000,0.000000,0.000000,17682.000000,100.000000
0.000000,0.000000,0.000000,17687.000000,100.000000
0.000000,0.000000,0.000000,17749.000000,100.000000
0.000000,0.000000,0.000000,17755.000000,100.000000
0.000000,0.000000,0.000000,17767.000000,100.000000
0.000000,0.000000,0.000000,17797.000000,100.000000
0.000000,0.000000,0.000000,17801.000000,100.000000
0.000000,0.000000,0.000000,17857.000000,100.000000
-0.000000,0.000000,0.000000,17862.000000,100.000000
-0.000000,0.000000,0.000000,17867.000000,100.000000
-0.000000,0.000000,0.000000,17907.000000,100.000000
-0.000000,0.000000,0.000000,17914.000000,100.000000
-0.000000,0.000000,0.000000,17979.000000,100.000000
-0.000000,0.000000,0.000000,17984.000000,100.000000
-0.000000,0.000000,0.000000,17989.000000,100.000000
-0.000000,0.000000,0.000000,18045.000000,100.000000
-0.000000,0.000000,0.000000,18052.000000,100.000000
-0.000000,0.000000,0.000000,18058.000000,100.000000
-0.000000,0.000000,0.000000,18094.000000,100.000000
-0.000000,0.000000,0.000000,18100.000000,100.000000
-0.000000,0.000000,0.000000,18105.000000,100.000000
-0.000000,0.000000,0.000000,18168.000000,100.000000
-0.000000,0.000000,0.000000,18217.000000,100.000000
-0.000000,0.000000,0.000000,18223.000000,100.000000
-0.000000,0.000000,0.000000,18230.000000,100.000000
-0.000000,0.000000,0.000000,18299.000000,100.000000
-0.000000,0.000000,0.000000,18305.000000,100.000000
-0.000000,0.000000,0.000000,18312.000000,100.000000
-0.000000,0.000000,0.000000,18362.000000,100.000000
-0.000000,0.000000,0.000000,18367.000000,100.000000
-0.000000,0.000000,0.000000,18425.000000,100.000000
-0.000000,0.000000,0.000000,18431.000000,100.000000
-0.000000,0.000000,0.000000,18461.000000,100.000000
-0.000000,0.000000,0.000000,18466.000000,100.000000
-0.000000,0.000000,0.000000,18501.000000,100.000000
-0.000000,0.000000,0.000000,18507.000000,100.000000
-0.000000,0.000000,0.000000,18571.000000,100.000000
-0.000000,0.000000,0.000000,18578.000000,100.000000
-0.000000,0.000000,0.000000,18582.000000,100.000000
-0.000000,0.000000,0.000000,18681.000000,100.000000
-0.000000,0.000000,0.000000,18687.000000,100.000000
-0.000000,0.000000,0.000000,18692.000000,100.000000
-0.000000,0.000000,0.000000,18702.000000,100.000000
-0.000000,0.000000,0.000000,18762.000000,100.000000
-0.000000,0.000000,0.000000,18768.000000,100.000000
-0.000000,0.000000,0.000000,18773.000000,100.000000
-0.000000,0.000000,0.000000,18814.000000,100.000000
-0.000000,0.000000,0.000000,18819.000000,100.000000
-0.000000,0.000000,0.000000,18878.000000,100.000000
-0.000000,0.000000,0.000000,18884.000000,100.000000
-0.000000,0.000000,0.000000,18890.000000,100.000000
-0.000000,0.000000,0.000000,18947.000000,100.000000
-0.000000,0.000000,0.000000,18953.000000,100.000000
-0.000000,0.000000,0.000000,18958.000000,100.000000
-0.000000,0.000000,0.000000,18995.000000,100.000000
-0.000000,0.000000,0.000000,19000.000000,100.000000
-0.000000,0.000000,0.000000,19006.000000,100.000000
-0.000000,0.000000,0.000000,19066.000000,100.000000
-0.000000,-0.000000,0.000000,19072.000000,100.000000
-0.000000,-0.000000,0.000000,19081.000000,100.000000
-0.000000,-0.000000,0.000000,19150.000000,100.000000
-0.000000,-0.000000,0.000000,19156.000000,100.000000
-0.000000,-0.000000,0.000000,19167.000000,100.000000
-0.000000,-0.000000,0.000000,19200.000000,100.000000
-0.000000,-0.000000,0.000000,19206.000000,100.000000
-0.000000,-0.000000,0.000000,19213.000000,100.000000
-0.000000,-0.000000,0.000000,19282.000000,100.000000
-0.000000,-0.000000,0.000000,19288.000000,100.000000
-0.000000,-0.000000,0.000000,19303.000000,100.000000
-0.000000,-0.000000,0.000000,19365.000000,100.000000
-0.000000,-0.000000,0.000000,19372.000000,100.000000
-0.000000,-0.000000,0.000000,19426.000000,100.000000
-0.000000,-0.000000,0.000000,19431.000000,100.000000
-0.000000,-0.000000,0.000000,19436.000000,100.000000
-0.000000,-0.000000,0.000000,19449.000000,100.000000
-0.000000,-0.000000,0.000000,19487.000000,100.000000
-0.000000,-0.000000,0.000000,19492.000000,100.000000
-0.000000,-0.000000,0.000000,19499.000000,100.000000
-0.000000,-0.000000,0.000000,19561.000000,100.000000
-0.000000,-0.000000,0.000000,19567.000000,100.000000
-0.000000,-0.000000,0.000000,19572.000000,100.000000
-0.000000,-0.000000,0.000000,19644.000000,100.000000
-0.000000,-0.000000,0.000000,19650.000000,100.000000
-0.000000,-0.000000,0.000000,19655.000000,100.000000
-0.000000,-0.000000,0.000000,19699.000000,100.000000
-0.000000,-0.000000,0.000000,19704.000000,100.000000
-0.000000,-0.000000,0.000000,19759.000000,100.000000
-0.000000,-0.000000,0.000000,19765.000000,100.000000
-0.000000,-0.000000,0.000000,19770.000000,100.000000
-0.000000,-0.000000,0.000000,19810.000000,100.000000
-0.000000,-0.000000,0.000000,19817.000000,100.000000
-0.000000,-0.000000,0.000000,19883.000000,100.000000
-0.000000,-0.000000,0.000000,19889.000000,100.000000
-0.000000,-0.000000,0.000000,19901.000000,100.000000
-0.000000,-0.000000,0.000000,19968.000000,100.000000
-0.000000,-0.000000,0.000000,19975.000000,100.000000
-0.000000,-0.000000,0.000000,19979.000000,100.000000
-0.000000,-0.000000,0.000000,20017.000000,100.000000
-0.000000,-0.000000,0.000000,20022.000000,100.000000
-0.000000,-0.000000,0.000000,20034.000000,100.000000
-0.000000,-0.000000,0.000000,20099.000000,100.000000
-0.000000,-0.000000,0.000000,20105.000000,100.000000
-0.000000,-0.000000,0.000000,20112.000000,100.000000
-0.000000,-0.000000,0.000000,20141.000000,100.000000
-0.000000,-0.000000,0.000000,20146.000000,100.000000
-0.000000,-0.000000,0.000000,20181.000000,100.000000
-0.000000,-0.000000,0.000000,20218.000000,100.000000
-0.000000,-0.000000,0.000000,20224.000000,100.000000
-0.000000,-0.000000,0.000000,20242.000000,100.000000
-0.000000,-0.000000,0.000000,20297.000000,100.000000
-0.000000,-0.000000,0.000000,20304.000000,100.000000
-0.000000,-0.000000,0.000000,20328.000000,100.000000
-0.000000,-0.000000,0.000000,20334.000000,100.000000
-0.000000,-0.000000,0.000000,20364.000000,100.000000
0.000000,-0.000000,0.000000,20411.000000,100.000000
0.000000,-0.000000,0.000000,20416.000000,100.000000
0.000000,-0.000000,0.000000,20421.000000,100.000000
0.000000,-0.000000,0.000000,20480.000000,100.000000
0.000000,-0.000000,0.000000,20486.000000,100.000000
0.000000,-0.000000,0.000000,20501.000000,100.000000
0.000000,-0.000000,0.000000,20528.000000,100.000000
0.000000,-0.000000,0.000000,20561.000000,100.000000
0.000000,-0.000000,0.000000,20575.000000,100.000000
0.000000,-0.000000,0.000000,20581.000000,100.000000
0.000000,-0.000000,0.000000,20600.000000,100.000000
0.000000,-0.000000,0.000000,20681.000000,100.000000
0.000000,-0.000000,0.000000,20688.000000,100.000000
0.000000,-0.000000,0.000000,20693.000000,100.000000
0.000000,-0.000000,0.000000,20720.000000,100.000000
0.000000,-0.000000,0.000000,20749.000000,100.000000
0.000000,-0.000000,0.000000,20759.000000,100.000000
0.000000,-0.000000,0.000000,20764.000000,100.000000
0.000000,-0.000000,0.000000,20781.000000,100.000000
0.000000,-0.000000,0.000000,20820.000000,100.000000
0.000000,-0.000000,0.000000,20826.000000,100.000000
0.000000,-0.000000,0.000000,20880.000000,100.000000
0.000000,-0.000000,0.000000,20886.000000,100.000000
0.000000,-0.000000,0.000000,20948.000000,100.000000
0.000000,0.000000,0.000000,20955.000000,100.000000
0.000000,0.000000,0.000000,20962.000000,100.000000
0.000000,0.000000,0.000000,20998.000000,100.000000
0.000000,0.000000,0.000000,21003.000000,100.000000
0.000000,0.000000,0.000000,21061.000000,100.000000
0.000000,0.000000,0.000000,21067.000000,100.000000
0.000000,0.000000,0.000000,21102.000000,100.000000
0.000000,0.000000,0.000000,21108.000000,100.000000
0.000000,0.000000,0.000000,21179.000000,100.000000
0.000000,0.000000,0.000000,21184.000000,100.000000
0.000000,0.000000,0.000000,21246.000000,100.000000
0.000000,0.000000,0.000000,21251.000000,100.000000
0.000000,0.000000,0.000000,21291.000000,100.000000
0.000000,0.000000,0.000000,21296.000000,100.000000
0.000000,0.000000,0.000000,21303.000000,100.000000
0.000000,0.000000,0.000000,21361.000000,100.000000
0.000000,0.000000,0.000000,21368.000000,100.000000
0.000000,0.000000,0.000000,21374.000000,100.000000
0.000000,0.000000,0.000000,21449.000000,100.000000
0.000000,0.000000,0.000000,21455.000000,100.000000
